<?xml version="1.0" encoding="UTF-8"?><metadata>
<idinfo>
<citation>
<citeinfo>
<origin/>
<pubdate>20180827</pubdate>
<title>School Attendance Zones (Middle School)</title>
<geoform>vector digital data</geoform>
<pubinfo>
<publish>DC GIS</publish>
</pubinfo>
<lworkcit>
<citeinfo>
<origin/>
<title>DC Geographic Information System</title>
<geoform>vector digital data</geoform>
</citeinfo>
</lworkcit>
</citeinfo>
</citation>
<descript>
<abstract>DC Middle School Attendance. This dataset shows D.C. public middle school attendance areas, and added to the DC Geographic Information System (DC GIS) for the D.C. Office of the Chief Technology Officer (OCTO). The boundaries were recommended by the Advisory Committee on Student Assignment and accepted by the Mayor. These new boundaries will go into effect in the 2015-16 school year and significant phasing in policies will be put into place. See DME.dc.gov for more information. Current for the 2018-2019 school year.</abstract>
<purpose>School Attendance Zones (Middle School)</purpose>
</descript>
<timeperd>
<timeinfo>
<sngdate>
<caldate>20140702</caldate>
</sngdate>
</timeinfo>
<current>publication date</current>
</timeperd>
<status>
<progress>In work</progress>
<update>As needed</update>
</status>
<spdom>
<bounding>
<westbc>-77.119913</westbc>
<eastbc>-76.909034</eastbc>
<northbc>38.995964</northbc>
<southbc>38.791510</southbc>
</bounding>
</spdom>
<keywords>
<theme>
<themekt>None</themekt>
<themekey>school</themekey>
<themekey>DC Public school</themekey>
<themekey>Elementary</themekey>
<themekey>Middle</themekey>
<themekey>Junior High</themekey>
<themekey>education</themekey>
<themekey>Attendance Zone</themekey>
<themekey>society</themekey>
<themekey>High</themekey>
</theme>
<theme>
<themekt>ISO 19115 Topic Categories</themekt>
<themekey>society</themekey>
</theme>
<place>
<placekt>None</placekt>
<placekey>DCGIS</placekey>
<placekey>DC GIS</placekey>
<placekey>District of Columbia</placekey>
<placekey>DC</placekey>
<placekey>Washington</placekey>
<placekey>D.C.</placekey>
</place>
</keywords>
<accconst>None</accconst>
<useconst>This work is licensed under a Creative Commons Attribution 4.0 International License.</useconst>
<ptcontac>
<cntinfo>
<cntorgp>
<cntorg>D.C. Office of the Chief Technology Officer</cntorg>
<cntper>GIS Data Coordinator</cntper>
</cntorgp>
<cntaddr>
<addrtype>mailing and physical</addrtype>
<address>200 I Street SE, 5th Floor</address>
<city>Washington</city>
<state>DC</state>
<postal>20003</postal>
<country>US</country>
</cntaddr>
<cntfax>(202) 727-5660</cntfax>
<cntemail>dcgis@dc.gov</cntemail>
<hours>8:30 am - 5 pm</hours>
</cntinfo>
</ptcontac>
<datacred>DC Public Schools</datacred>
</idinfo>
<dataqual>
<attracc>
<attraccr>Data believed to be complete and accurate as of the time period cited. Subject to change. Digital version compared with original source data for accuracy and completeness. Validated by source and/or responsible agency.</attraccr>
</attracc>
<logic>Validated by source and/or responsible agency.</logic>
<complete>Data believed to be complete and accurate, subject to change. Digital version compared with original source data for accuracy and completeness. Data validated by source and/or responsible agency.</complete>
<posacc>
<horizpa>
<horizpar>In process of validation by source and/or responsible agency.</horizpar>
</horizpa>
<vertacc>
<vertaccr>N/A</vertaccr>
</vertacc>
</posacc>
<lineage>
<srcinfo>
<srccite>
<citeinfo>
<origin/>
<pubdate>19770101</pubdate>
<title>1977 DCPS Attendance Boundaries Map</title>
<geoform>map</geoform>
</citeinfo>
</srccite>
<srcscale>5000</srcscale>
<typesrc>hardcopyPaper</typesrc>
<srccitea>1977 DCPS Attendance Boundaries Map</srccitea>
<srccontr>boundaries</srccontr>
</srcinfo>
<srcinfo>
<srccite>
<citeinfo>
<origin/>
<pubdate>19830101</pubdate>
<title>1983 D.C. public school map</title>
<geoform>map</geoform>
</citeinfo>
</srccite>
<srcscale>24000</srcscale>
<typesrc>hardcopyPaper</typesrc>
<srccitea>1983 D.C. public school map</srccitea>
<srccontr>points and boundaries</srccontr>
</srcinfo>
<procstep>
<procdesc>The process used to identify where there is a proposed change in rights for elementary, middle and high school is based on the following: Each of the approximately 9,000 sub block parts in Washington, DC is assigned to their current elementary, middle, and high school right(s). The current rights are based on current geographic school boundaries and multiple rights given due to closed schools. Sub block parts are based on census blocks that are split where current geographic school boundaries divide blocks. The DME’s technical team then assigned each sub block part to its proposed elementary, middle, and high school boundary based on the Advisory Committee on Student Assignment’s June 2014 boundary proposal. The current and proposed rights are compared and any change in rights is displayed as either an areas assigned to different school or an area reassigned to one of its present options.</procdesc>
<procdate>20140702</procdate>
<proccont>
<cntinfo>
<cntorgp>
<cntorg>Office of the Deputy Mayor for Education</cntorg>
<cntper>Jennifer Comey</cntper>
</cntorgp>
<cntpos>Senior Policy Advisor</cntpos>
<cntaddr>
<addrtype>mailing and physical</addrtype>
<address>200 I Street SE, 5th Floor</address>
<city>Washington</city>
<state>DC</state>
<postal>20004</postal>
<country>US</country>
</cntaddr>
<cntvoice>(202) 727-6588</cntvoice>
</cntinfo>
</proccont>
</procstep>
</lineage>
</dataqual>
<spdoinfo>
<direct>Vector</direct>
<ptvctinf>
<sdtsterm>
<sdtstype>GT-polygon composed of chains</sdtstype>
<ptvctcnt>21</ptvctcnt>
</sdtsterm>
</ptvctinf>
</spdoinfo>
<eainfo>
<detailed>
<enttyp>
<enttypl>DCGIS.MSBndyPly</enttypl>
</enttyp>
<attr>
<attrlabl>OBJECTID</attrlabl>
<attrdef>Internal feature number.</attrdef>
<attrdefs>Esri</attrdefs>
<attrdomv>
          <udom>Sequential unique whole numbers that are automatically generated.</udom>
        </attrdomv>
</attr>
<attr>
<attrlabl>SHAPE</attrlabl>
<attrdef>Feature geometry.</attrdef>
<attrdefs>Esri</attrdefs>
<attrdomv>
          <udom>Coordinates defining the features.</udom>
        </attrdomv>
</attr>
<attr>
<attrlabl>NAME</attrlabl>
</attr>
<attr>
<attrlabl>GIS_ID</attrlabl>
</attr>
<attr>
<attrlabl>SE_ANNO_CAD_DATA</attrlabl>
</attr>
<attr>
<attrlabl>GLOBALID</attrlabl>
</attr>
<attr>
<attrlabl>CREATOR</attrlabl>
</attr>
<attr>
<attrlabl>CREATED</attrlabl>
</attr>
<attr>
<attrlabl>EDITOR</attrlabl>
</attr>
<attr>
<attrlabl>EDITED</attrlabl>
</attr>
<attr>
<attrlabl>SHAPE.AREA</attrlabl>
</attr>
<attr>
<attrlabl>SHAPE.LEN</attrlabl>
</attr>
</detailed>
</eainfo>
<distinfo>
<distrib>
<cntinfo>
<cntorgp>
<cntorg>D.C. Office of the Chief Technology Officer</cntorg>
<cntper>GIS Data Coordinator</cntper>
</cntorgp>
<cntaddr>
<addrtype>mailing and physical</addrtype>
<address>200 I Street SE, 5th Floor</address>
<city>Washington</city>
<state>DC</state>
<postal>20003</postal>
<country>US</country>
</cntaddr>
<cntfax>(202) 727-5660</cntfax>
<cntemail>dcgis@dc.gov</cntemail>
<hours>8:30 am - 5 pm</hours>
</cntinfo>
</distrib>
<distliab>See access and use constraints information.</distliab>
<custom>DC datasets can be downloaded from "http://opendata.dc.gov".</custom>
</distinfo>
<metainfo>
<metd>20180827</metd>
<metc>
<cntinfo>
<cntorgp>
<cntorg>D.C. Office of the Chief Technology Officer</cntorg>
<cntper>GIS Data Coordinator</cntper>
</cntorgp>
<cntaddr>
<addrtype>mailing and physical</addrtype>
<address>200 I Street SE, 5th Floor</address>
<city>Washington</city>
<state>DC</state>
<postal>20003</postal>
<country>US</country>
</cntaddr>
<cntfax>(202) 727-5660</cntfax>
<cntemail>dcgis@dc.gov</cntemail>
<hours>8:30 am - 5 pm</hours>
</cntinfo>
</metc>
<metstdn>FGDC Content Standard for Digital Geospatial Metadata</metstdn>
<metstdv>FGDC-STD-001-1998</metstdv>
<mettc>local time</mettc>
</metainfo>
</metadata>
